day,ct_equip,kwh_workhours
2025-01-01,Site F CT13,0.0
2025-01-01,Site F CT01,4.611455078125
2025-01-01,Site F CT08,0.0
2025-01-01,Site F CT02,14.793671875
2025-01-01,Site F CT18,0.0
2025-01-01,Site F CT14,0.0
2025-01-01,Site F CT03,7.53025390625
2025-01-01,Site F CT17,0.0
2025-01-01,Site F CT04,0.0
2025-01-01,Site F CT07,0.0
2025-01-01,Site F CT11,0.0
2025-01-01,Site F CT16,0.0
2025-01-01,Site F CT05,0.0
2025-01-01,Site F CT10,0.0
2025-01-01,Site F CT12,0.0
2025-01-01,Site F CT06,0.0
2025-01-01,Site F CT15,0.0
2025-01-01,Site F CT09,0.0
2025-01-02,Site F CT13,0.0
2025-01-02,Site F CT01,118.60177978515625
2025-01-02,Site F CT08,0.0
2025-01-02,Site F CT02,93.7618359375
2025-01-02,Site F CT18,0.0
2025-01-02,Site F CT14,0.0
2025-01-02,Site F CT03,91.85967529296875
2025-01-02,Site F CT17,0.0
2025-01-02,Site F CT04,0.0
2025-01-02,Site F CT07,0.0
2025-01-02,Site F CT11,0.0
2025-01-02,Site F CT16,0.0
2025-01-02,Site F CT05,0.0
2025-01-02,Site F CT10,0.0
2025-01-02,Site F CT12,0.0
2025-01-02,Site F CT06,0.0
2025-01-02,Site F CT15,0.0
2025-01-02,Site F CT09,0.0
2025-01-03,Site F CT13,0.0
2025-01-03,Site F CT01,101.77275390625
2025-01-03,Site F CT08,0.0
2025-01-03,Site F CT02,90.69591796875
2025-01-03,Site F CT18,0.0
2025-01-03,Site F CT14,0.0
2025-01-03,Site F CT03,85.46341796875
2025-01-03,Site F CT17,0.0
2025-01-03,Site F CT04,0.0
2025-01-03,Site F CT07,0.0
2025-01-03,Site F CT11,0.0
2025-01-03,Site F CT16,0.0
2025-01-03,Site F CT05,0.0
2025-01-03,Site F CT10,0.0
2025-01-03,Site F CT12,0.0
2025-01-03,Site F CT06,0.0
2025-01-03,Site F CT15,0.0
2025-01-03,Site F CT09,0.0
2025-01-04,Site F CT13,0.0
2025-01-04,Site F CT01,0.0
2025-01-04,Site F CT08,0.0
2025-01-04,Site F CT02,0.0
2025-01-04,Site F CT18,0.0
2025-01-04,Site F CT14,0.0
2025-01-04,Site F CT03,0.0
2025-01-04,Site F CT17,0.0
2025-01-04,Site F CT04,0.0
2025-01-04,Site F CT07,0.0
2025-01-04,Site F CT11,0.0
2025-01-04,Site F CT16,0.0
2025-01-04,Site F CT05,0.0
2025-01-04,Site F CT10,0.0
2025-01-04,Site F CT12,0.0
2025-01-04,Site F CT06,0.0
2025-01-04,Site F CT15,0.0
2025-01-04,Site F CT09,0.0
2025-01-05,Site F CT13,0.0
2025-01-05,Site F CT01,0.0
2025-01-05,Site F CT08,0.0
2025-01-05,Site F CT02,0.0
2025-01-05,Site F CT18,0.0
2025-01-05,Site F CT14,0.0
2025-01-05,Site F CT03,0.0
2025-01-05,Site F CT17,0.0
2025-01-05,Site F CT04,0.0
2025-01-05,Site F CT07,0.0
2025-01-05,Site F CT11,0.0
2025-01-05,Site F CT16,0.0
2025-01-05,Site F CT05,0.0
2025-01-05,Site F CT10,0.0
2025-01-05,Site F CT12,0.0
2025-01-05,Site F CT06,0.0
2025-01-05,Site F CT15,0.0
2025-01-05,Site F CT09,0.0
2025-01-06,Site F CT13,0.0
2025-01-06,Site F CT01,110.5472314453125
2025-01-06,Site F CT08,0.0
2025-01-06,Site F CT02,121.34341796875
2025-01-06,Site F CT18,0.0
2025-01-06,Site F CT14,0.0
2025-01-06,Site F CT03,134.216455078125
2025-01-06,Site F CT17,0.0
2025-01-06,Site F CT04,0.0
2025-01-06,Site F CT07,0.0
2025-01-06,Site F CT11,0.0
2025-01-06,Site F CT16,0.0
2025-01-06,Site F CT05,0.0
2025-01-06,Site F CT10,0.0
2025-01-06,Site F CT12,0.0
2025-01-06,Site F CT06,0.0
2025-01-06,Site F CT15,0.0
2025-01-06,Site F CT09,0.0
2025-01-07,Site F CT13,0.0
2025-01-07,Site F CT01,121.17541015625
2025-01-07,Site F CT08,0.0
2025-01-07,Site F CT02,113.07015625
2025-01-07,Site F CT18,0.0
2025-01-07,Site F CT14,0.0
2025-01-07,Site F CT03,125.550126953125
2025-01-07,Site F CT17,0.0
2025-01-07,Site F CT04,0.0
2025-01-07,Site F CT07,0.0
2025-01-07,Site F CT11,0.0
2025-01-07,Site F CT16,0.0
2025-01-07,Site F CT05,0.0
2025-01-07,Site F CT10,0.0
2025-01-07,Site F CT12,0.0
2025-01-07,Site F CT06,0.0
2025-01-07,Site F CT15,0.0
2025-01-07,Site F CT09,0.0
2025-01-08,Site F CT13,0.0
2025-01-08,Site F CT01,98.555
2025-01-08,Site F CT08,0.0
2025-01-08,Site F CT02,105.176708984375
2025-01-08,Site F CT18,0.0
2025-01-08,Site F CT14,0.0
2025-01-08,Site F CT03,115.545126953125
2025-01-08,Site F CT17,0.0
2025-01-08,Site F CT04,0.0
2025-01-08,Site F CT07,0.0
2025-01-08,Site F CT11,0.0
2025-01-08,Site F CT16,0.0
2025-01-08,Site F CT05,0.0
2025-01-08,Site F CT10,0.0
2025-01-08,Site F CT12,0.0
2025-01-08,Site F CT06,0.0
2025-01-08,Site F CT15,0.0
2025-01-08,Site F CT09,0.0
2025-01-09,Site F CT13,0.0
2025-01-09,Site F CT01,117.9025146484375
2025-01-09,Site F CT08,0.0
2025-01-09,Site F CT02,137.047880859375
2025-01-09,Site F CT18,0.0
2025-01-09,Site F CT14,0.0
2025-01-09,Site F CT03,133.6781787109375
2025-01-09,Site F CT17,0.0
2025-01-09,Site F CT04,0.0
2025-01-09,Site F CT07,0.0
2025-01-09,Site F CT11,0.0
2025-01-09,Site F CT16,0.0
2025-01-09,Site F CT05,0.0
2025-01-09,Site F CT10,0.0
2025-01-09,Site F CT12,0.0
2025-01-09,Site F CT06,0.0
2025-01-09,Site F CT15,0.0
2025-01-09,Site F CT09,0.0
2025-01-10,Site F CT13,0.0
2025-01-10,Site F CT01,115.76142578125
2025-01-10,Site F CT08,0.0
2025-01-10,Site F CT02,117.939462890625
2025-01-10,Site F CT18,0.0
2025-01-10,Site F CT14,0.0
2025-01-10,Site F CT03,133.121708984375
2025-01-10,Site F CT17,0.0
2025-01-10,Site F CT04,0.0
2025-01-10,Site F CT07,0.0
2025-01-10,Site F CT11,0.0
2025-01-10,Site F CT16,0.0
2025-01-10,Site F CT05,0.0
2025-01-10,Site F CT10,0.0
2025-01-10,Site F CT12,0.0
2025-01-10,Site F CT06,0.0
2025-01-10,Site F CT15,0.0
2025-01-10,Site F CT09,0.0
2025-01-11,Site F CT13,0.0
2025-01-11,Site F CT01,0.0
2025-01-11,Site F CT08,0.0
2025-01-11,Site F CT02,0.0
2025-01-11,Site F CT18,0.0
2025-01-11,Site F CT14,0.0
2025-01-11,Site F CT03,0.0
2025-01-11,Site F CT17,0.0
2025-01-11,Site F CT04,0.0
2025-01-11,Site F CT07,0.0
2025-01-11,Site F CT11,0.0
2025-01-11,Site F CT16,0.0
2025-01-11,Site F CT05,0.0
2025-01-11,Site F CT10,0.0
2025-01-11,Site F CT12,0.0
2025-01-11,Site F CT06,0.0
2025-01-11,Site F CT15,0.0
2025-01-11,Site F CT09,0.0
2025-01-12,Site F CT13,0.0
2025-01-12,Site F CT01,0.0
2025-01-12,Site F CT08,0.0
2025-01-12,Site F CT02,0.0
2025-01-12,Site F CT18,0.0
2025-01-12,Site F CT14,0.0
2025-01-12,Site F CT03,0.0
2025-01-12,Site F CT17,0.0
2025-01-12,Site F CT04,0.0
2025-01-12,Site F CT07,0.0
2025-01-12,Site F CT11,0.0
2025-01-12,Site F CT16,0.0
2025-01-12,Site F CT05,0.0
2025-01-12,Site F CT10,0.0
2025-01-12,Site F CT12,0.0
2025-01-12,Site F CT06,0.0
2025-01-12,Site F CT15,0.0
2025-01-12,Site F CT09,0.0
2025-01-13,Site F CT13,0.0
2025-01-13,Site F CT01,125.06923828125
2025-01-13,Site F CT08,0.0
2025-01-13,Site F CT02,127.99275390625
2025-01-13,Site F CT18,0.0
2025-01-13,Site F CT14,0.0
2025-01-13,Site F CT03,128.811455078125
2025-01-13,Site F CT17,0.0
2025-01-13,Site F CT04,0.0
2025-01-13,Site F CT07,0.0
2025-01-13,Site F CT11,0.0
2025-01-13,Site F CT16,0.0
2025-01-13,Site F CT05,0.0
2025-01-13,Site F CT10,0.0
2025-01-13,Site F CT12,0.0
2025-01-13,Site F CT06,0.0
2025-01-13,Site F CT15,0.0
2025-01-13,Site F CT09,0.0
2025-01-14,Site F CT13,0.0
2025-01-14,Site F CT01,78.349365234375
2025-01-14,Site F CT08,0.0
2025-01-14,Site F CT02,83.289873046875
2025-01-14,Site F CT18,0.0
2025-01-14,Site F CT14,0.0
2025-01-14,Site F CT03,81.96265625
2025-01-14,Site F CT17,0.0
2025-01-14,Site F CT04,0.0
2025-01-14,Site F CT07,0.0
2025-01-14,Site F CT11,0.0
2025-01-14,Site F CT16,0.0
2025-01-14,Site F CT05,0.0
2025-01-14,Site F CT10,0.0
2025-01-14,Site F CT12,0.0
2025-01-14,Site F CT06,0.0
2025-01-14,Site F CT15,0.0
2025-01-14,Site F CT09,0.0
2025-01-15,Site F CT13,0.0
2025-01-15,Site F CT01,88.563701171875
2025-01-15,Site F CT08,0.0
2025-01-15,Site F CT02,85.7783203125
2025-01-15,Site F CT18,0.0
2025-01-15,Site F CT14,0.0
2025-01-15,Site F CT03,90.118447265625
2025-01-15,Site F CT17,0.0
2025-01-15,Site F CT04,0.0
2025-01-15,Site F CT07,0.0
2025-01-15,Site F CT11,0.0
2025-01-15,Site F CT16,0.0
2025-01-15,Site F CT05,0.0
2025-01-15,Site F CT10,0.0
2025-01-15,Site F CT12,0.0
2025-01-15,Site F CT06,0.0
2025-01-15,Site F CT15,0.0
2025-01-15,Site F CT09,0.0
2025-01-16,Site F CT13,0.0
2025-01-16,Site F CT01,87.6919921875
2025-01-16,Site F CT08,0.0
2025-01-16,Site F CT02,82.1468359375
2025-01-16,Site F CT18,0.0
2025-01-16,Site F CT14,0.0
2025-01-16,Site F CT03,82.60908203125
2025-01-16,Site F CT17,0.0
2025-01-16,Site F CT04,0.0
2025-01-16,Site F CT07,0.0
2025-01-16,Site F CT11,0.0
2025-01-16,Site F CT16,0.0
2025-01-16,Site F CT05,0.0
2025-01-16,Site F CT10,0.0
2025-01-16,Site F CT12,0.0
2025-01-16,Site F CT06,0.0
2025-01-16,Site F CT15,0.0
2025-01-16,Site F CT09,0.0
2025-01-17,Site F CT13,0.0
2025-01-17,Site F CT01,84.080947265625
2025-01-17,Site F CT08,0.0
2025-01-17,Site F CT02,88.423544921875
2025-01-17,Site F CT18,0.0
2025-01-17,Site F CT14,0.0
2025-01-17,Site F CT03,89.709208984375
2025-01-17,Site F CT17,0.0
2025-01-17,Site F CT04,0.0
2025-01-17,Site F CT07,0.0
2025-01-17,Site F CT11,0.0
2025-01-17,Site F CT16,0.0
2025-01-17,Site F CT05,0.0
2025-01-17,Site F CT10,0.0
2025-01-17,Site F CT12,0.0
2025-01-17,Site F CT06,0.0
2025-01-17,Site F CT15,0.0
2025-01-17,Site F CT09,0.0
2025-01-18,Site F CT13,0.0
2025-01-18,Site F CT01,0.0
2025-01-18,Site F CT08,0.0
2025-01-18,Site F CT02,0.0
2025-01-18,Site F CT18,0.0
2025-01-18,Site F CT14,0.0
2025-01-18,Site F CT03,0.0
2025-01-18,Site F CT17,0.0
2025-01-18,Site F CT04,0.0
2025-01-18,Site F CT07,0.0
2025-01-18,Site F CT11,0.0
2025-01-18,Site F CT16,0.0
2025-01-18,Site F CT05,0.0
2025-01-18,Site F CT10,0.0
2025-01-18,Site F CT12,0.0
2025-01-18,Site F CT06,0.0
2025-01-18,Site F CT15,0.0
2025-01-18,Site F CT09,0.0
2025-01-19,Site F CT13,0.0
2025-01-19,Site F CT01,0.0
2025-01-19,Site F CT08,0.0
2025-01-19,Site F CT02,0.0
2025-01-19,Site F CT18,0.0
2025-01-19,Site F CT14,0.0
2025-01-19,Site F CT03,0.0
2025-01-19,Site F CT17,0.0
2025-01-19,Site F CT04,0.0
2025-01-19,Site F CT07,0.0
2025-01-19,Site F CT11,0.0
2025-01-19,Site F CT16,0.0
2025-01-19,Site F CT05,0.0
2025-01-19,Site F CT10,0.0
2025-01-19,Site F CT12,0.0
2025-01-19,Site F CT06,0.0
2025-01-19,Site F CT15,0.0
2025-01-19,Site F CT09,0.0
2025-01-20,Site F CT13,0.0
2025-01-20,Site F CT01,115.9568359375
2025-01-20,Site F CT08,0.0
2025-01-20,Site F CT02,117.48373046875
2025-01-20,Site F CT18,0.0
2025-01-20,Site F CT14,0.0
2025-01-20,Site F CT03,125.862783203125
2025-01-20,Site F CT17,0.0
2025-01-20,Site F CT04,0.0
2025-01-20,Site F CT07,0.0
2025-01-20,Site F CT11,0.0
2025-01-20,Site F CT16,0.0
2025-01-20,Site F CT05,0.0
2025-01-20,Site F CT10,0.0
2025-01-20,Site F CT12,0.0
2025-01-20,Site F CT06,0.0
2025-01-20,Site F CT15,0.0
2025-01-20,Site F CT09,0.0
2025-01-21,Site F CT13,0.0
2025-01-21,Site F CT01,108.73025390625
2025-01-21,Site F CT08,0.0
2025-01-21,Site F CT02,111.20005859375
2025-01-21,Site F CT18,0.0
2025-01-21,Site F CT14,0.0
2025-01-21,Site F CT03,102.9456640625
2025-01-21,Site F CT17,0.0
2025-01-21,Site F CT04,0.0
2025-01-21,Site F CT07,0.0
2025-01-21,Site F CT11,0.0
2025-01-21,Site F CT16,0.0
2025-01-21,Site F CT05,0.0
2025-01-21,Site F CT10,0.0
2025-01-21,Site F CT12,0.0
2025-01-21,Site F CT06,0.0
2025-01-21,Site F CT15,0.0
2025-01-21,Site F CT09,0.0
2025-01-22,Site F CT13,0.0
2025-01-22,Site F CT01,87.44357421875
2025-01-22,Site F CT08,0.0
2025-01-22,Site F CT02,92.17025390625
2025-01-22,Site F CT18,0.0
2025-01-22,Site F CT14,0.0
2025-01-22,Site F CT03,93.481298828125
2025-01-22,Site F CT17,0.0
2025-01-22,Site F CT04,0.0
2025-01-22,Site F CT07,0.0
2025-01-22,Site F CT11,0.0
2025-01-22,Site F CT16,0.0
2025-01-22,Site F CT05,0.0
2025-01-22,Site F CT10,0.0
2025-01-22,Site F CT12,0.0
2025-01-22,Site F CT06,0.0
2025-01-22,Site F CT15,0.0
2025-01-22,Site F CT09,0.0
2025-01-23,Site F CT13,0.0
2025-01-23,Site F CT01,100.608828125
2025-01-23,Site F CT08,0.0
2025-01-23,Site F CT02,91.14693359375
2025-01-23,Site F CT18,0.0
2025-01-23,Site F CT14,0.0
2025-01-23,Site F CT03,90.263544921875
2025-01-23,Site F CT17,0.0
2025-01-23,Site F CT04,0.0
2025-01-23,Site F CT07,0.0
2025-01-23,Site F CT11,0.0
2025-01-23,Site F CT16,0.0
2025-01-23,Site F CT05,0.0
2025-01-23,Site F CT10,0.0
2025-01-23,Site F CT12,0.0
2025-01-23,Site F CT06,0.0
2025-01-23,Site F CT15,0.0
2025-01-23,Site F CT09,0.0
2025-01-24,Site F CT13,0.0
2025-01-24,Site F CT01,87.621015625
2025-01-24,Site F CT08,0.0
2025-01-24,Site F CT02,92.533671875
2025-01-24,Site F CT18,0.0
2025-01-24,Site F CT14,0.0
2025-01-24,Site F CT03,92.9846875
2025-01-24,Site F CT17,0.0
2025-01-24,Site F CT04,0.0
2025-01-24,Site F CT07,0.0
2025-01-24,Site F CT11,0.0
2025-01-24,Site F CT16,0.0
2025-01-24,Site F CT05,0.0
2025-01-24,Site F CT10,0.0
2025-01-24,Site F CT12,0.0
2025-01-24,Site F CT06,0.0
2025-01-24,Site F CT15,0.0
2025-01-24,Site F CT09,0.0
2025-01-25,Site F CT13,0.0
2025-01-25,Site F CT01,0.0
2025-01-25,Site F CT08,0.0
2025-01-25,Site F CT02,0.0
2025-01-25,Site F CT18,0.0
2025-01-25,Site F CT14,0.0
2025-01-25,Site F CT03,0.0
2025-01-25,Site F CT17,0.0
2025-01-25,Site F CT04,0.0
2025-01-25,Site F CT07,0.0
2025-01-25,Site F CT11,0.0
2025-01-25,Site F CT16,0.0
2025-01-25,Site F CT05,0.0
2025-01-25,Site F CT10,0.0
2025-01-25,Site F CT12,0.0
2025-01-25,Site F CT06,0.0
2025-01-25,Site F CT15,0.0
2025-01-25,Site F CT09,0.0
2025-01-26,Site F CT13,0.0
2025-01-26,Site F CT01,0.0
2025-01-26,Site F CT08,0.0
2025-01-26,Site F CT02,0.0
2025-01-26,Site F CT18,0.0
2025-01-26,Site F CT14,0.0
2025-01-26,Site F CT03,0.0
2025-01-26,Site F CT17,0.0
2025-01-26,Site F CT04,0.0
2025-01-26,Site F CT07,0.0
2025-01-26,Site F CT11,0.0
2025-01-26,Site F CT16,0.0
2025-01-26,Site F CT05,0.0
2025-01-26,Site F CT10,0.0
2025-01-26,Site F CT12,0.0
2025-01-26,Site F CT06,0.0
2025-01-26,Site F CT15,0.0
2025-01-26,Site F CT09,0.0
2025-01-27,Site F CT13,0.0
2025-01-27,Site F CT01,83.22541015625
2025-01-27,Site F CT08,0.0
2025-01-27,Site F CT02,99.81326171875
2025-01-27,Site F CT18,0.0
2025-01-27,Site F CT14,0.0
2025-01-27,Site F CT03,103.95056640625
2025-01-27,Site F CT17,0.0
2025-01-27,Site F CT04,0.0
2025-01-27,Site F CT07,0.0
2025-01-27,Site F CT11,0.0
2025-01-27,Site F CT16,0.0
2025-01-27,Site F CT05,0.0
2025-01-27,Site F CT10,0.0
2025-01-27,Site F CT12,0.0
2025-01-27,Site F CT06,0.0
2025-01-27,Site F CT15,0.0
2025-01-27,Site F CT09,0.0
2025-01-28,Site F CT13,0.0
2025-01-28,Site F CT01,72.7330078125
2025-01-28,Site F CT08,0.0
2025-01-28,Site F CT02,79.2880078125
2025-01-28,Site F CT18,0.0
2025-01-28,Site F CT14,0.0
2025-01-28,Site F CT03,83.8143359375
2025-01-28,Site F CT17,0.0
2025-01-28,Site F CT04,0.0
2025-01-28,Site F CT07,0.0
2025-01-28,Site F CT11,0.0
2025-01-28,Site F CT16,0.0
2025-01-28,Site F CT05,0.0
2025-01-28,Site F CT10,0.0
2025-01-28,Site F CT12,0.0
2025-01-28,Site F CT06,0.0
2025-01-28,Site F CT15,0.0
2025-01-28,Site F CT09,0.0
2025-01-29,Site F CT13,0.0
2025-01-29,Site F CT01,73.93107421875
2025-01-29,Site F CT08,0.0
2025-01-29,Site F CT02,90.6775
2025-01-29,Site F CT18,0.0
2025-01-29,Site F CT14,0.0
2025-01-29,Site F CT03,92.00943359375
2025-01-29,Site F CT17,0.0
2025-01-29,Site F CT04,0.0
2025-01-29,Site F CT07,0.0
2025-01-29,Site F CT11,0.0
2025-01-29,Site F CT16,0.0
2025-01-29,Site F CT05,0.0
2025-01-29,Site F CT10,0.0
2025-01-29,Site F CT12,0.0
2025-01-29,Site F CT06,0.0
2025-01-29,Site F CT15,0.0
2025-01-29,Site F CT09,0.0
2025-01-30,Site F CT13,0.0
2025-01-30,Site F CT01,70.69984375
2025-01-30,Site F CT08,0.0
2025-01-30,Site F CT02,86.77423828125
2025-01-30,Site F CT18,0.0
2025-01-30,Site F CT14,0.0
2025-01-30,Site F CT03,84.09509765625
2025-01-30,Site F CT17,0.0
2025-01-30,Site F CT04,0.0
2025-01-30,Site F CT07,0.0
2025-01-30,Site F CT11,0.0
2025-01-30,Site F CT16,0.0
2025-01-30,Site F CT05,0.0
2025-01-30,Site F CT10,0.0
2025-01-30,Site F CT12,0.0
2025-01-30,Site F CT06,0.0
2025-01-30,Site F CT15,0.0
2025-01-30,Site F CT09,0.0
2025-01-31,Site F CT13,0.0
2025-01-31,Site F CT01,124.11958984375
2025-01-31,Site F CT08,0.0
2025-01-31,Site F CT02,98.9619921875
2025-01-31,Site F CT18,0.0
2025-01-31,Site F CT14,0.0
2025-01-31,Site F CT03,98.2746875
2025-01-31,Site F CT17,0.0
2025-01-31,Site F CT04,0.0
2025-01-31,Site F CT07,0.0
2025-01-31,Site F CT11,0.0
2025-01-31,Site F CT16,0.0
2025-01-31,Site F CT05,0.0
2025-01-31,Site F CT10,0.0
2025-01-31,Site F CT12,0.0
2025-01-31,Site F CT06,0.0
2025-01-31,Site F CT15,0.0
2025-01-31,Site F CT09,0.0
2025-02-01,Site F CT13,0.0
2025-02-01,Site F CT01,0.0
2025-02-01,Site F CT08,0.0
2025-02-01,Site F CT02,0.0
2025-02-01,Site F CT18,0.0
2025-02-01,Site F CT14,0.0
2025-02-01,Site F CT03,0.0
2025-02-01,Site F CT17,0.0
2025-02-01,Site F CT04,0.0
2025-02-01,Site F CT07,0.0
2025-02-01,Site F CT11,0.0
2025-02-01,Site F CT16,0.0
2025-02-01,Site F CT05,0.0
2025-02-01,Site F CT10,0.0
2025-02-01,Site F CT12,0.0
2025-02-01,Site F CT06,0.0
2025-02-01,Site F CT15,0.0
2025-02-01,Site F CT09,0.0
2025-02-02,Site F CT13,0.0
2025-02-02,Site F CT01,0.0
2025-02-02,Site F CT08,0.0
2025-02-02,Site F CT02,0.0
2025-02-02,Site F CT18,0.0
2025-02-02,Site F CT14,0.0
2025-02-02,Site F CT03,0.0
2025-02-02,Site F CT17,0.0
2025-02-02,Site F CT04,0.0
2025-02-02,Site F CT07,0.0
2025-02-02,Site F CT11,0.0
2025-02-02,Site F CT16,0.0
2025-02-02,Site F CT05,0.0
2025-02-02,Site F CT10,0.0
2025-02-02,Site F CT12,0.0
2025-02-02,Site F CT06,0.0
2025-02-02,Site F CT15,0.0
2025-02-02,Site F CT09,0.0
2025-02-03,Site F CT13,0.0
2025-02-03,Site F CT01,104.67740234375
2025-02-03,Site F CT08,0.0
2025-02-03,Site F CT02,120.6466796875
2025-02-03,Site F CT18,0.0
2025-02-03,Site F CT14,0.0
2025-02-03,Site F CT03,124.183828125
2025-02-03,Site F CT17,0.0
2025-02-03,Site F CT04,0.0
2025-02-03,Site F CT07,0.0
2025-02-03,Site F CT11,0.0
2025-02-03,Site F CT16,0.0
2025-02-03,Site F CT05,0.0
2025-02-03,Site F CT10,0.0
2025-02-03,Site F CT12,0.0
2025-02-03,Site F CT06,0.0
2025-02-03,Site F CT15,0.0
2025-02-03,Site F CT09,0.0
2025-02-04,Site F CT13,0.0
2025-02-04,Site F CT01,116.78474609375
2025-02-04,Site F CT08,0.0
2025-02-04,Site F CT02,95.3556640625
2025-02-04,Site F CT18,0.0
2025-02-04,Site F CT14,0.0
2025-02-04,Site F CT03,95.3143359375
2025-02-04,Site F CT17,0.0
2025-02-04,Site F CT04,0.0
2025-02-04,Site F CT07,0.0
2025-02-04,Site F CT11,0.0
2025-02-04,Site F CT16,0.0
2025-02-04,Site F CT05,0.0
2025-02-04,Site F CT10,0.0
2025-02-04,Site F CT12,0.0
2025-02-04,Site F CT06,0.0
2025-02-04,Site F CT15,0.0
2025-02-04,Site F CT09,0.0
2025-02-05,Site F CT13,0.0
2025-02-05,Site F CT01,72.84126953125
2025-02-05,Site F CT08,0.0
2025-02-05,Site F CT02,89.7575
2025-02-05,Site F CT18,0.0
2025-02-05,Site F CT14,0.0
2025-02-05,Site F CT03,89.75525390625
2025-02-05,Site F CT17,0.0
2025-02-05,Site F CT04,0.0
2025-02-05,Site F CT07,0.0
2025-02-05,Site F CT11,0.0
2025-02-05,Site F CT16,0.0
2025-02-05,Site F CT05,0.0
2025-02-05,Site F CT10,0.0
2025-02-05,Site F CT12,0.0
2025-02-05,Site F CT06,0.0
2025-02-05,Site F CT15,0.0
2025-02-05,Site F CT09,0.0
2025-02-06,Site F CT13,0.0
2025-02-06,Site F CT01,98.3896875
2025-02-06,Site F CT08,0.0
2025-02-06,Site F CT02,98.44224609375
2025-02-06,Site F CT18,0.0
2025-02-06,Site F CT14,0.0
2025-02-06,Site F CT03,91.71025390625
2025-02-06,Site F CT17,0.0
2025-02-06,Site F CT04,0.0
2025-02-06,Site F CT07,0.0
2025-02-06,Site F CT11,0.0
2025-02-06,Site F CT16,0.0
2025-02-06,Site F CT05,0.0
2025-02-06,Site F CT10,0.0
2025-02-06,Site F CT12,0.0
2025-02-06,Site F CT06,0.0
2025-02-06,Site F CT15,0.0
2025-02-06,Site F CT09,0.0
2025-02-07,Site F CT13,0.0
2025-02-07,Site F CT01,91.8230078125
2025-02-07,Site F CT08,0.0
2025-02-07,Site F CT02,82.70791015625
2025-02-07,Site F CT18,0.0
2025-02-07,Site F CT14,0.0
2025-02-07,Site F CT03,88.2669921875
2025-02-07,Site F CT17,0.0
2025-02-07,Site F CT04,0.0
2025-02-07,Site F CT07,0.0
2025-02-07,Site F CT11,0.0
2025-02-07,Site F CT16,0.0
2025-02-07,Site F CT05,0.0
2025-02-07,Site F CT10,0.0
2025-02-07,Site F CT12,0.0
2025-02-07,Site F CT06,0.0
2025-02-07,Site F CT15,0.0
2025-02-07,Site F CT09,0.0
2025-02-08,Site F CT13,0.0
2025-02-08,Site F CT01,0.0
2025-02-08,Site F CT08,0.0
2025-02-08,Site F CT02,0.0
2025-02-08,Site F CT18,0.0
2025-02-08,Site F CT14,0.0
2025-02-08,Site F CT03,0.0
2025-02-08,Site F CT17,0.0
2025-02-08,Site F CT04,0.0
2025-02-08,Site F CT07,0.0
2025-02-08,Site F CT11,0.0
2025-02-08,Site F CT16,0.0
2025-02-08,Site F CT05,0.0
2025-02-08,Site F CT10,0.0
2025-02-08,Site F CT12,0.0
2025-02-08,Site F CT06,0.0
2025-02-08,Site F CT15,0.0
2025-02-08,Site F CT09,0.0
2025-02-09,Site F CT13,0.0
2025-02-09,Site F CT01,0.0
2025-02-09,Site F CT08,0.0
2025-02-09,Site F CT02,0.0
2025-02-09,Site F CT18,0.0
2025-02-09,Site F CT14,0.0
2025-02-09,Site F CT03,0.0
2025-02-09,Site F CT17,0.0
2025-02-09,Site F CT04,0.0
2025-02-09,Site F CT07,0.0
2025-02-09,Site F CT11,0.0
2025-02-09,Site F CT16,0.0
2025-02-09,Site F CT05,0.0
2025-02-09,Site F CT10,0.0
2025-02-09,Site F CT12,0.0
2025-02-09,Site F CT06,0.0
2025-02-09,Site F CT15,0.0
2025-02-09,Site F CT09,0.0
2025-02-10,Site F CT13,0.0
2025-02-10,Site F CT01,0.9846875
2025-02-10,Site F CT08,0.0
2025-02-10,Site F CT02,1.2353515625
2025-02-10,Site F CT18,0.0
2025-02-10,Site F CT14,0.0
2025-02-10,Site F CT03,1.29734375
2025-02-10,Site F CT17,0.0
2025-02-10,Site F CT04,0.0
2025-02-10,Site F CT07,0.0
2025-02-10,Site F CT11,0.0
2025-02-10,Site F CT16,0.0
2025-02-10,Site F CT05,0.0
2025-02-10,Site F CT10,0.0
2025-02-10,Site F CT12,0.0
2025-02-10,Site F CT06,0.0
2025-02-10,Site F CT15,0.0
2025-02-10,Site F CT09,0.0
2025-02-11,Site F CT13,0.0
2025-02-11,Site F CT01,0.9846875
2025-02-11,Site F CT08,0.0
2025-02-11,Site F CT02,1.2353515625
2025-02-11,Site F CT18,0.0
2025-02-11,Site F CT14,0.0
2025-02-11,Site F CT03,1.29734375
2025-02-11,Site F CT17,0.0
2025-02-11,Site F CT04,0.0
2025-02-11,Site F CT07,0.0
2025-02-11,Site F CT11,0.0
2025-02-11,Site F CT16,0.0
2025-02-11,Site F CT05,0.0
2025-02-11,Site F CT10,0.0
2025-02-11,Site F CT12,0.0
2025-02-11,Site F CT06,0.0
2025-02-11,Site F CT15,0.0
2025-02-11,Site F CT09,0.0
2025-02-12,Site F CT13,0.0
2025-02-12,Site F CT01,0.9846875
2025-02-12,Site F CT08,0.0
2025-02-12,Site F CT02,1.2353515625
2025-02-12,Site F CT18,0.0
2025-02-12,Site F CT14,0.0
2025-02-12,Site F CT03,1.29734375
2025-02-12,Site F CT17,0.0
2025-02-12,Site F CT04,0.0
2025-02-12,Site F CT07,0.0
2025-02-12,Site F CT11,0.0
2025-02-12,Site F CT16,0.0
2025-02-12,Site F CT05,0.0
2025-02-12,Site F CT10,0.0
2025-02-12,Site F CT12,0.0
2025-02-12,Site F CT06,0.0
2025-02-12,Site F CT15,0.0
2025-02-12,Site F CT09,0.0
2025-02-13,Site F CT13,0.0
2025-02-13,Site F CT01,0.9846875
2025-02-13,Site F CT08,0.0
2025-02-13,Site F CT02,1.2353515625
2025-02-13,Site F CT18,0.0
2025-02-13,Site F CT14,0.0
2025-02-13,Site F CT03,1.29734375
2025-02-13,Site F CT17,0.0
2025-02-13,Site F CT04,0.0
2025-02-13,Site F CT07,0.0
2025-02-13,Site F CT11,0.0
2025-02-13,Site F CT16,0.0
2025-02-13,Site F CT05,0.0
2025-02-13,Site F CT10,0.0
2025-02-13,Site F CT12,0.0
2025-02-13,Site F CT06,0.0
2025-02-13,Site F CT15,0.0
2025-02-13,Site F CT09,0.0
2025-02-14,Site F CT13,0.0
2025-02-14,Site F CT01,0.9846875
2025-02-14,Site F CT08,0.0
2025-02-14,Site F CT02,1.2353515625
2025-02-14,Site F CT18,0.0
2025-02-14,Site F CT14,0.0
2025-02-14,Site F CT03,1.29734375
2025-02-14,Site F CT17,0.0
2025-02-14,Site F CT04,0.0
2025-02-14,Site F CT07,0.0
2025-02-14,Site F CT11,0.0
2025-02-14,Site F CT16,0.0
2025-02-14,Site F CT05,0.0
2025-02-14,Site F CT10,0.0
2025-02-14,Site F CT12,0.0
2025-02-14,Site F CT06,0.0
2025-02-14,Site F CT15,0.0
2025-02-14,Site F CT09,0.0
2025-02-15,Site F CT13,0.0
2025-02-15,Site F CT01,0.9846875
2025-02-15,Site F CT08,0.0
2025-02-15,Site F CT02,1.2353515625
2025-02-15,Site F CT18,0.0
2025-02-15,Site F CT14,0.0
2025-02-15,Site F CT03,1.29734375
2025-02-15,Site F CT17,0.0
2025-02-15,Site F CT04,0.0
2025-02-15,Site F CT07,0.0
2025-02-15,Site F CT11,0.0
2025-02-15,Site F CT16,0.0
2025-02-15,Site F CT05,0.0
2025-02-15,Site F CT10,0.0
2025-02-15,Site F CT12,0.0
2025-02-15,Site F CT06,0.0
2025-02-15,Site F CT15,0.0
2025-02-15,Site F CT09,0.0
2025-02-16,Site F CT13,0.0
2025-02-16,Site F CT01,0.9846875
2025-02-16,Site F CT08,0.0
2025-02-16,Site F CT02,1.2353515625
2025-02-16,Site F CT18,0.0
2025-02-16,Site F CT14,0.0
2025-02-16,Site F CT03,1.29734375
2025-02-16,Site F CT17,0.0
2025-02-16,Site F CT04,0.0
2025-02-16,Site F CT07,0.0
2025-02-16,Site F CT11,0.0
2025-02-16,Site F CT16,0.0
2025-02-16,Site F CT05,0.0
2025-02-16,Site F CT10,0.0
2025-02-16,Site F CT12,0.0
2025-02-16,Site F CT06,0.0
2025-02-16,Site F CT15,0.0
2025-02-16,Site F CT09,0.0
2025-02-17,Site F CT13,0.0
2025-02-17,Site F CT01,0.9846875
2025-02-17,Site F CT08,0.0
2025-02-17,Site F CT02,1.2353515625
2025-02-17,Site F CT18,0.0
2025-02-17,Site F CT14,0.0
2025-02-17,Site F CT03,1.29734375
2025-02-17,Site F CT17,0.0
2025-02-17,Site F CT04,0.0
2025-02-17,Site F CT07,0.0
2025-02-17,Site F CT11,0.0
2025-02-17,Site F CT16,0.0
2025-02-17,Site F CT05,0.0
2025-02-17,Site F CT10,0.0
2025-02-17,Site F CT12,0.0
2025-02-17,Site F CT06,0.0
2025-02-17,Site F CT15,0.0
2025-02-17,Site F CT09,0.0
2025-02-18,Site F CT13,0.0
2025-02-18,Site F CT01,0.9846875
2025-02-18,Site F CT08,0.0
2025-02-18,Site F CT02,1.2353515625
2025-02-18,Site F CT18,0.0
2025-02-18,Site F CT14,0.0
2025-02-18,Site F CT03,1.29734375
2025-02-18,Site F CT17,0.0
2025-02-18,Site F CT04,0.0
2025-02-18,Site F CT07,0.0
2025-02-18,Site F CT11,0.0
2025-02-18,Site F CT16,0.0
2025-02-18,Site F CT05,0.0
2025-02-18,Site F CT10,0.0
2025-02-18,Site F CT12,0.0
2025-02-18,Site F CT06,0.0
2025-02-18,Site F CT15,0.0
2025-02-18,Site F CT09,0.0
2025-02-19,Site F CT13,0.0
2025-02-19,Site F CT01,0.9846875
2025-02-19,Site F CT08,0.0
2025-02-19,Site F CT02,1.2353515625
2025-02-19,Site F CT18,0.0
2025-02-19,Site F CT14,0.0
2025-02-19,Site F CT03,1.29734375
2025-02-19,Site F CT17,0.0
2025-02-19,Site F CT04,0.0
2025-02-19,Site F CT07,0.0
2025-02-19,Site F CT11,0.0
2025-02-19,Site F CT16,0.0
2025-02-19,Site F CT05,0.0
2025-02-19,Site F CT10,0.0
2025-02-19,Site F CT12,0.0
2025-02-19,Site F CT06,0.0
2025-02-19,Site F CT15,0.0
2025-02-19,Site F CT09,0.0
2025-02-20,Site F CT13,0.0
2025-02-20,Site F CT01,0.9846875
2025-02-20,Site F CT08,0.0
2025-02-20,Site F CT02,1.2353515625
2025-02-20,Site F CT18,0.0
2025-02-20,Site F CT14,0.0
2025-02-20,Site F CT03,1.29734375
2025-02-20,Site F CT17,0.0
2025-02-20,Site F CT04,0.0
2025-02-20,Site F CT07,0.0
2025-02-20,Site F CT11,0.0
2025-02-20,Site F CT16,0.0
2025-02-20,Site F CT05,0.0
2025-02-20,Site F CT10,0.0
2025-02-20,Site F CT12,0.0
2025-02-20,Site F CT06,0.0
2025-02-20,Site F CT15,0.0
2025-02-20,Site F CT09,0.0
2025-02-21,Site F CT13,0.0
2025-02-21,Site F CT01,0.9846875
2025-02-21,Site F CT08,0.0
2025-02-21,Site F CT02,1.2353515625
2025-02-21,Site F CT18,0.0
2025-02-21,Site F CT14,0.0
2025-02-21,Site F CT03,1.29734375
2025-02-21,Site F CT17,0.0
2025-02-21,Site F CT04,0.0
2025-02-21,Site F CT07,0.0
2025-02-21,Site F CT11,0.0
2025-02-21,Site F CT16,0.0
2025-02-21,Site F CT05,0.0
2025-02-21,Site F CT10,0.0
2025-02-21,Site F CT12,0.0
2025-02-21,Site F CT06,0.0
2025-02-21,Site F CT15,0.0
2025-02-21,Site F CT09,0.0
2025-02-22,Site F CT13,0.0
2025-02-22,Site F CT01,0.9846875
2025-02-22,Site F CT08,0.0
2025-02-22,Site F CT02,1.2353515625
2025-02-22,Site F CT18,0.0
2025-02-22,Site F CT14,0.0
2025-02-22,Site F CT03,1.29734375
2025-02-22,Site F CT17,0.0
2025-02-22,Site F CT04,0.0
2025-02-22,Site F CT07,0.0
2025-02-22,Site F CT11,0.0
2025-02-22,Site F CT16,0.0
2025-02-22,Site F CT05,0.0
2025-02-22,Site F CT10,0.0
2025-02-22,Site F CT12,0.0
2025-02-22,Site F CT06,0.0
2025-02-22,Site F CT15,0.0
2025-02-22,Site F CT09,0.0
2025-02-23,Site F CT13,0.0
2025-02-23,Site F CT01,0.9846875
2025-02-23,Site F CT08,0.0
2025-02-23,Site F CT02,1.2353515625
2025-02-23,Site F CT18,0.0
2025-02-23,Site F CT14,0.0
2025-02-23,Site F CT03,1.29734375
2025-02-23,Site F CT17,0.0
2025-02-23,Site F CT04,0.0
2025-02-23,Site F CT07,0.0
2025-02-23,Site F CT11,0.0
2025-02-23,Site F CT16,0.0
2025-02-23,Site F CT05,0.0
2025-02-23,Site F CT10,0.0
2025-02-23,Site F CT12,0.0
2025-02-23,Site F CT06,0.0
2025-02-23,Site F CT15,0.0
2025-02-23,Site F CT09,0.0
2025-02-24,Site F CT13,0.0
2025-02-24,Site F CT01,18.6991796875
2025-02-24,Site F CT08,0.0
2025-02-24,Site F CT02,22.8373828125
2025-02-24,Site F CT18,0.0
2025-02-24,Site F CT14,0.0
2025-02-24,Site F CT03,22.52203125
2025-02-24,Site F CT17,0.0
2025-02-24,Site F CT04,0.0
2025-02-24,Site F CT07,0.0
2025-02-24,Site F CT11,0.0
2025-02-24,Site F CT16,0.0
2025-02-24,Site F CT05,0.0
2025-02-24,Site F CT10,0.0
2025-02-24,Site F CT12,0.0
2025-02-24,Site F CT06,0.0
2025-02-24,Site F CT15,0.0
2025-02-24,Site F CT09,0.0
2025-02-25,Site F CT13,0.0
2025-02-25,Site F CT01,62.2608203125
2025-02-25,Site F CT08,0.0
2025-02-25,Site F CT02,77.4228515625
2025-02-25,Site F CT18,0.0
2025-02-25,Site F CT14,0.0
2025-02-25,Site F CT03,78.2853515625
2025-02-25,Site F CT17,0.0
2025-02-25,Site F CT04,0.0
2025-02-25,Site F CT07,0.0
2025-02-25,Site F CT11,0.0
2025-02-25,Site F CT16,0.0
2025-02-25,Site F CT05,0.0
2025-02-25,Site F CT10,0.0
2025-02-25,Site F CT12,0.0
2025-02-25,Site F CT06,0.0
2025-02-25,Site F CT15,0.0
2025-02-25,Site F CT09,0.0
2025-02-26,Site F CT13,0.0
2025-02-26,Site F CT01,66.9578515625
2025-02-26,Site F CT08,0.0
2025-02-26,Site F CT02,83.9131640625
2025-02-26,Site F CT18,0.0
2025-02-26,Site F CT14,0.0
2025-02-26,Site F CT03,83.596015625
2025-02-26,Site F CT17,0.0
2025-02-26,Site F CT04,0.0
2025-02-26,Site F CT07,0.0
2025-02-26,Site F CT11,0.0
2025-02-26,Site F CT16,0.0
2025-02-26,Site F CT05,0.0
2025-02-26,Site F CT10,0.0
2025-02-26,Site F CT12,0.0
2025-02-26,Site F CT06,0.0
2025-02-26,Site F CT15,0.0
2025-02-26,Site F CT09,0.0
2025-02-27,Site F CT13,0.0
2025-02-27,Site F CT01,71.8219921875
2025-02-27,Site F CT08,0.0
2025-02-27,Site F CT02,88.3271875
2025-02-27,Site F CT18,0.0
2025-02-27,Site F CT14,0.0
2025-02-27,Site F CT03,85.863671875
2025-02-27,Site F CT17,0.0
2025-02-27,Site F CT04,0.0
2025-02-27,Site F CT07,0.0
2025-02-27,Site F CT11,0.0
2025-02-27,Site F CT16,0.0
2025-02-27,Site F CT05,0.0
2025-02-27,Site F CT10,0.0
2025-02-27,Site F CT12,0.0
2025-02-27,Site F CT06,0.0
2025-02-27,Site F CT15,0.0
2025-02-27,Site F CT09,0.0
2025-02-28,Site F CT13,0.0
2025-02-28,Site F CT01,63.8762109375
2025-02-28,Site F CT08,0.0
2025-02-28,Site F CT02,75.563984375
2025-02-28,Site F CT18,0.0
2025-02-28,Site F CT14,0.0
2025-02-28,Site F CT03,69.1078125
2025-02-28,Site F CT17,0.0
2025-02-28,Site F CT04,0.0
2025-02-28,Site F CT07,0.0
2025-02-28,Site F CT11,0.0
2025-02-28,Site F CT16,0.0
2025-02-28,Site F CT05,0.0
2025-02-28,Site F CT10,0.0
2025-02-28,Site F CT12,0.0
2025-02-28,Site F CT06,0.0
2025-02-28,Site F CT15,0.0
2025-02-28,Site F CT09,0.0
2025-03-01,Site F CT13,0.0
2025-03-01,Site F CT01,0.0
2025-03-01,Site F CT08,0.0
2025-03-01,Site F CT02,0.0
2025-03-01,Site F CT18,0.0
2025-03-01,Site F CT14,0.0
2025-03-01,Site F CT03,0.0
2025-03-01,Site F CT17,0.0
2025-03-01,Site F CT04,0.0
2025-03-01,Site F CT07,0.0
2025-03-01,Site F CT11,0.0
2025-03-01,Site F CT16,0.0
2025-03-01,Site F CT05,0.0
2025-03-01,Site F CT10,0.0
2025-03-01,Site F CT12,0.0
2025-03-01,Site F CT06,0.0
2025-03-01,Site F CT15,0.0
2025-03-01,Site F CT09,0.0
2025-03-02,Site F CT13,0.0
2025-03-02,Site F CT01,0.0
2025-03-02,Site F CT08,0.0
2025-03-02,Site F CT02,0.0
2025-03-02,Site F CT18,0.0
2025-03-02,Site F CT14,0.0
2025-03-02,Site F CT03,0.0
2025-03-02,Site F CT17,0.0
2025-03-02,Site F CT04,0.0
2025-03-02,Site F CT07,0.0
2025-03-02,Site F CT11,0.0
2025-03-02,Site F CT16,0.0
2025-03-02,Site F CT05,0.0
2025-03-02,Site F CT10,0.0
2025-03-02,Site F CT12,0.0
2025-03-02,Site F CT06,0.0
2025-03-02,Site F CT15,0.0
2025-03-02,Site F CT09,0.0
2025-03-03,Site F CT13,0.0
2025-03-03,Site F CT01,99.9853125
2025-03-03,Site F CT08,0.0
2025-03-03,Site F CT02,105.8709765625
2025-03-03,Site F CT18,0.0
2025-03-03,Site F CT14,0.0
2025-03-03,Site F CT03,105.291484375
2025-03-03,Site F CT17,0.0
2025-03-03,Site F CT04,0.0
2025-03-03,Site F CT07,0.0
2025-03-03,Site F CT11,0.0
2025-03-03,Site F CT16,0.0
2025-03-03,Site F CT05,0.0
2025-03-03,Site F CT10,0.0
2025-03-03,Site F CT12,0.0
2025-03-03,Site F CT06,0.0
2025-03-03,Site F CT15,0.0
2025-03-03,Site F CT09,0.0
2025-03-04,Site F CT13,0.0
2025-03-04,Site F CT01,83.06234375
2025-03-04,Site F CT08,0.0
2025-03-04,Site F CT02,99.6268359375
2025-03-04,Site F CT18,0.0
2025-03-04,Site F CT14,0.0
2025-03-04,Site F CT03,96.7015234375
2025-03-04,Site F CT17,0.0
2025-03-04,Site F CT04,0.0
2025-03-04,Site F CT07,0.0
2025-03-04,Site F CT11,0.0
2025-03-04,Site F CT16,0.0
2025-03-04,Site F CT05,0.0
2025-03-04,Site F CT10,0.0
2025-03-04,Site F CT12,0.0
2025-03-04,Site F CT06,0.0
2025-03-04,Site F CT15,0.0
2025-03-04,Site F CT09,0.0
2025-03-05,Site F CT13,0.0
2025-03-05,Site F CT01,71.0960546875
2025-03-05,Site F CT08,0.0
2025-03-05,Site F CT02,87.563515625
2025-03-05,Site F CT18,0.0
2025-03-05,Site F CT14,0.0
2025-03-05,Site F CT03,71.3440234375
2025-03-05,Site F CT17,0.0
2025-03-05,Site F CT04,0.0
2025-03-05,Site F CT07,0.0
2025-03-05,Site F CT11,0.0
2025-03-05,Site F CT16,0.0
2025-03-05,Site F CT05,0.0
2025-03-05,Site F CT10,0.0
2025-03-05,Site F CT12,0.0
2025-03-05,Site F CT06,0.0
2025-03-05,Site F CT15,0.0
2025-03-05,Site F CT09,0.0
2025-03-06,Site F CT13,0.0
2025-03-06,Site F CT01,53.8065234375
2025-03-06,Site F CT08,0.0
2025-03-06,Site F CT02,66.0144921875
2025-03-06,Site F CT18,0.0
2025-03-06,Site F CT14,0.0
2025-03-06,Site F CT03,60.915859375
2025-03-06,Site F CT17,0.0
2025-03-06,Site F CT04,0.0
2025-03-06,Site F CT07,0.0
2025-03-06,Site F CT11,0.0
2025-03-06,Site F CT16,0.0
2025-03-06,Site F CT05,0.0
2025-03-06,Site F CT10,0.0
2025-03-06,Site F CT12,0.0
2025-03-06,Site F CT06,0.0
2025-03-06,Site F CT15,0.0
2025-03-06,Site F CT09,0.0
2025-03-07,Site F CT13,0.0
2025-03-07,Site F CT01,53.8873828125
2025-03-07,Site F CT08,0.0
2025-03-07,Site F CT02,64.103515625
2025-03-07,Site F CT18,0.0
2025-03-07,Site F CT14,0.0
2025-03-07,Site F CT03,61.2024609375
2025-03-07,Site F CT17,0.0
2025-03-07,Site F CT04,0.0
2025-03-07,Site F CT07,0.0
2025-03-07,Site F CT11,0.0
2025-03-07,Site F CT16,0.0
2025-03-07,Site F CT05,0.0
2025-03-07,Site F CT10,0.0
2025-03-07,Site F CT12,0.0
2025-03-07,Site F CT06,0.0
2025-03-07,Site F CT15,0.0
2025-03-07,Site F CT09,0.0
2025-03-08,Site F CT13,0.0
2025-03-08,Site F CT01,0.0
2025-03-08,Site F CT08,0.0
2025-03-08,Site F CT02,0.0
2025-03-08,Site F CT18,0.0
2025-03-08,Site F CT14,0.0
2025-03-08,Site F CT03,0.0
2025-03-08,Site F CT17,0.0
2025-03-08,Site F CT04,0.0
2025-03-08,Site F CT07,0.0
2025-03-08,Site F CT11,0.0
2025-03-08,Site F CT16,0.0
2025-03-08,Site F CT05,0.0
2025-03-08,Site F CT10,0.0
2025-03-08,Site F CT12,0.0
2025-03-08,Site F CT06,0.0
2025-03-08,Site F CT15,0.0
2025-03-08,Site F CT09,0.0
2025-03-09,Site F CT13,0.0
2025-03-09,Site F CT01,0.0
2025-03-09,Site F CT08,0.0
2025-03-09,Site F CT02,0.0
2025-03-09,Site F CT18,0.0
2025-03-09,Site F CT14,0.0
2025-03-09,Site F CT03,0.0
2025-03-09,Site F CT17,0.0
2025-03-09,Site F CT04,0.0
2025-03-09,Site F CT07,0.0
2025-03-09,Site F CT11,0.0
2025-03-09,Site F CT16,0.0
2025-03-09,Site F CT05,0.0
2025-03-09,Site F CT10,0.0
2025-03-09,Site F CT12,0.0
2025-03-09,Site F CT06,0.0
2025-03-09,Site F CT15,0.0
2025-03-09,Site F CT09,0.0
2025-03-10,Site F CT13,0.0
2025-03-10,Site F CT01,63.8780078125
2025-03-10,Site F CT08,0.0
2025-03-10,Site F CT02,79.7965234375
2025-03-10,Site F CT18,0.0
2025-03-10,Site F CT14,0.0
2025-03-10,Site F CT03,78.0086328125
2025-03-10,Site F CT17,0.0
2025-03-10,Site F CT04,0.0
2025-03-10,Site F CT07,0.0
2025-03-10,Site F CT11,0.0
2025-03-10,Site F CT16,0.0
2025-03-10,Site F CT05,0.0
2025-03-10,Site F CT10,0.0
2025-03-10,Site F CT12,0.0
2025-03-10,Site F CT06,0.0
2025-03-10,Site F CT15,0.0
2025-03-10,Site F CT09,0.0
2025-03-11,Site F CT13,0.0
2025-03-11,Site F CT01,57.458671875
2025-03-11,Site F CT08,0.0
2025-03-11,Site F CT02,72.6898828125
2025-03-11,Site F CT18,0.0
2025-03-11,Site F CT14,0.0
2025-03-11,Site F CT03,71.2380078125
2025-03-11,Site F CT17,0.0
2025-03-11,Site F CT04,0.0
2025-03-11,Site F CT07,0.0
2025-03-11,Site F CT11,0.0
2025-03-11,Site F CT16,0.0
2025-03-11,Site F CT05,0.0
2025-03-11,Site F CT10,0.0
2025-03-11,Site F CT12,0.0
2025-03-11,Site F CT06,0.0
2025-03-11,Site F CT15,0.0
2025-03-11,Site F CT09,0.0
2025-03-12,Site F CT13,0.0
2025-03-12,Site F CT01,77.2683203125
2025-03-12,Site F CT08,0.0
2025-03-12,Site F CT02,92.911015625
2025-03-12,Site F CT18,0.0
2025-03-12,Site F CT14,0.0
2025-03-12,Site F CT03,83.761328125
2025-03-12,Site F CT17,0.0
2025-03-12,Site F CT04,0.0
2025-03-12,Site F CT07,0.0
2025-03-12,Site F CT11,0.0
2025-03-12,Site F CT16,0.0
2025-03-12,Site F CT05,0.0
2025-03-12,Site F CT10,0.0
2025-03-12,Site F CT12,0.0
2025-03-12,Site F CT06,0.0
2025-03-12,Site F CT15,0.0
2025-03-12,Site F CT09,0.0
2025-03-13,Site F CT13,0.0
2025-03-13,Site F CT01,78.3653125
2025-03-13,Site F CT08,0.0
2025-03-13,Site F CT02,95.7653515625
2025-03-13,Site F CT18,0.0
2025-03-13,Site F CT14,0.0
2025-03-13,Site F CT03,91.7655078125
2025-03-13,Site F CT17,0.0
2025-03-13,Site F CT04,0.0
2025-03-13,Site F CT07,0.0
2025-03-13,Site F CT11,0.0
2025-03-13,Site F CT16,0.0
2025-03-13,Site F CT05,0.0
2025-03-13,Site F CT10,0.0
2025-03-13,Site F CT12,0.0
2025-03-13,Site F CT06,0.0
2025-03-13,Site F CT15,0.0
2025-03-13,Site F CT09,0.0
2025-03-14,Site F CT13,0.0
2025-03-14,Site F CT01,55.3033203125
2025-03-14,Site F CT08,0.0
2025-03-14,Site F CT02,70.2030078125
2025-03-14,Site F CT18,0.0
2025-03-14,Site F CT14,0.0
2025-03-14,Site F CT03,69.77265625
2025-03-14,Site F CT17,0.0
2025-03-14,Site F CT04,0.0
2025-03-14,Site F CT07,0.0
2025-03-14,Site F CT11,0.0
2025-03-14,Site F CT16,0.0
2025-03-14,Site F CT05,0.0
2025-03-14,Site F CT10,0.0
2025-03-14,Site F CT12,0.0
2025-03-14,Site F CT06,0.0
2025-03-14,Site F CT15,0.0
2025-03-14,Site F CT09,0.0
2025-03-15,Site F CT13,0.0
2025-03-15,Site F CT01,0.0
2025-03-15,Site F CT08,0.0
2025-03-15,Site F CT02,0.0
2025-03-15,Site F CT18,0.0
2025-03-15,Site F CT14,0.0
2025-03-15,Site F CT03,0.0
2025-03-15,Site F CT17,0.0
2025-03-15,Site F CT04,0.0
2025-03-15,Site F CT07,0.0
2025-03-15,Site F CT11,0.0
2025-03-15,Site F CT16,0.0
2025-03-15,Site F CT05,0.0
2025-03-15,Site F CT10,0.0
2025-03-15,Site F CT12,0.0
2025-03-15,Site F CT06,0.0
2025-03-15,Site F CT15,0.0
2025-03-15,Site F CT09,0.0
2025-03-16,Site F CT13,0.0
2025-03-16,Site F CT01,0.0
2025-03-16,Site F CT08,0.0
2025-03-16,Site F CT02,0.0
2025-03-16,Site F CT18,0.0
2025-03-16,Site F CT14,0.0
2025-03-16,Site F CT03,0.0
2025-03-16,Site F CT17,0.0
2025-03-16,Site F CT04,0.0
2025-03-16,Site F CT07,0.0
2025-03-16,Site F CT11,0.0
2025-03-16,Site F CT16,0.0
2025-03-16,Site F CT05,0.0
2025-03-16,Site F CT10,0.0
2025-03-16,Site F CT12,0.0
2025-03-16,Site F CT06,0.0
2025-03-16,Site F CT15,0.0
2025-03-16,Site F CT09,0.0
2025-03-17,Site F CT13,0.0
2025-03-17,Site F CT01,83.973359375
2025-03-17,Site F CT08,0.0
2025-03-17,Site F CT02,99.6016796875
2025-03-17,Site F CT18,0.0
2025-03-17,Site F CT14,0.0
2025-03-17,Site F CT03,106.79546875
2025-03-17,Site F CT17,0.0
2025-03-17,Site F CT04,0.0
2025-03-17,Site F CT07,0.0
2025-03-17,Site F CT11,0.0
2025-03-17,Site F CT16,0.0
2025-03-17,Site F CT05,0.0
2025-03-17,Site F CT10,0.0
2025-03-17,Site F CT12,0.0
2025-03-17,Site F CT06,0.0
2025-03-17,Site F CT15,0.0
2025-03-17,Site F CT09,0.0
2025-03-18,Site F CT13,0.0
2025-03-18,Site F CT01,58.500859375
2025-03-18,Site F CT08,0.0
2025-03-18,Site F CT02,74.2693359375
2025-03-18,Site F CT18,0.0
2025-03-18,Site F CT14,0.0
2025-03-18,Site F CT03,62.6705078125
2025-03-18,Site F CT17,0.0
2025-03-18,Site F CT04,0.0
2025-03-18,Site F CT07,0.0
2025-03-18,Site F CT11,0.0
2025-03-18,Site F CT16,0.0
2025-03-18,Site F CT05,0.0
2025-03-18,Site F CT10,0.0
2025-03-18,Site F CT12,0.0
2025-03-18,Site F CT06,0.0
2025-03-18,Site F CT15,0.0
2025-03-18,Site F CT09,0.0
2025-03-19,Site F CT13,0.0
2025-03-19,Site F CT01,54.0041796875
2025-03-19,Site F CT08,0.0
2025-03-19,Site F CT02,70.5228515625
2025-03-19,Site F CT18,0.0
2025-03-19,Site F CT14,0.0
2025-03-19,Site F CT03,62.63546875
2025-03-19,Site F CT17,0.0
2025-03-19,Site F CT04,0.0
2025-03-19,Site F CT07,0.0
2025-03-19,Site F CT11,0.0
2025-03-19,Site F CT16,0.0
2025-03-19,Site F CT05,0.0
2025-03-19,Site F CT10,0.0
2025-03-19,Site F CT12,0.0
2025-03-19,Site F CT06,0.0
2025-03-19,Site F CT15,0.0
2025-03-19,Site F CT09,0.0
2025-03-20,Site F CT13,0.0
2025-03-20,Site F CT01,45.071015625
2025-03-20,Site F CT08,0.0
2025-03-20,Site F CT02,60.161171875
2025-03-20,Site F CT18,0.0
2025-03-20,Site F CT14,0.0
2025-03-20,Site F CT03,50.307109375
2025-03-20,Site F CT17,0.0
2025-03-20,Site F CT04,0.0
2025-03-20,Site F CT07,0.0
2025-03-20,Site F CT11,0.0
2025-03-20,Site F CT16,0.0
2025-03-20,Site F CT05,0.0
2025-03-20,Site F CT10,0.0
2025-03-20,Site F CT12,0.0
2025-03-20,Site F CT06,0.0
2025-03-20,Site F CT15,0.0
2025-03-20,Site F CT09,0.0
2025-03-21,Site F CT13,0.0
2025-03-21,Site F CT01,32.4946875
2025-03-21,Site F CT08,0.0
2025-03-21,Site F CT02,48.9801171875
2025-03-21,Site F CT18,0.0
2025-03-21,Site F CT14,0.0
2025-03-21,Site F CT03,42.343359375
2025-03-21,Site F CT17,0.0
2025-03-21,Site F CT04,0.0
2025-03-21,Site F CT07,0.0
2025-03-21,Site F CT11,0.0
2025-03-21,Site F CT16,0.0
2025-03-21,Site F CT05,0.0
2025-03-21,Site F CT10,0.0
2025-03-21,Site F CT12,0.0
2025-03-21,Site F CT06,0.0
2025-03-21,Site F CT15,0.0
2025-03-21,Site F CT09,0.0
2025-03-22,Site F CT13,0.0
2025-03-22,Site F CT01,0.0
2025-03-22,Site F CT08,0.0
2025-03-22,Site F CT02,0.0
2025-03-22,Site F CT18,0.0
2025-03-22,Site F CT14,0.0
2025-03-22,Site F CT03,0.0
2025-03-22,Site F CT17,0.0
2025-03-22,Site F CT04,0.0
2025-03-22,Site F CT07,0.0
2025-03-22,Site F CT11,0.0
2025-03-22,Site F CT16,0.0
2025-03-22,Site F CT05,0.0
2025-03-22,Site F CT10,0.0
2025-03-22,Site F CT12,0.0
2025-03-22,Site F CT06,0.0
2025-03-22,Site F CT15,0.0
2025-03-22,Site F CT09,0.0
2025-03-23,Site F CT13,0.0
2025-03-23,Site F CT01,0.0
2025-03-23,Site F CT08,0.0
2025-03-23,Site F CT02,0.0
2025-03-23,Site F CT18,0.0
2025-03-23,Site F CT14,0.0
2025-03-23,Site F CT03,0.0
2025-03-23,Site F CT17,0.0
2025-03-23,Site F CT04,0.0
2025-03-23,Site F CT07,0.0
2025-03-23,Site F CT11,0.0
2025-03-23,Site F CT16,0.0
2025-03-23,Site F CT05,0.0
2025-03-23,Site F CT10,0.0
2025-03-23,Site F CT12,0.0
2025-03-23,Site F CT06,0.0
2025-03-23,Site F CT15,0.0
2025-03-23,Site F CT09,0.0
2025-03-24,Site F CT13,0.0
2025-03-24,Site F CT01,73.476015625
2025-03-24,Site F CT08,0.0
2025-03-24,Site F CT02,80.98515625
2025-03-24,Site F CT18,0.0
2025-03-24,Site F CT14,0.0
2025-03-24,Site F CT03,80.5116796875
2025-03-24,Site F CT17,0.0
2025-03-24,Site F CT04,0.0
2025-03-24,Site F CT07,0.0
2025-03-24,Site F CT11,0.0
2025-03-24,Site F CT16,0.0
2025-03-24,Site F CT05,0.0
2025-03-24,Site F CT10,0.0
2025-03-24,Site F CT12,0.0
2025-03-24,Site F CT06,0.0
2025-03-24,Site F CT15,0.0
2025-03-24,Site F CT09,0.0
2025-03-25,Site F CT13,0.0
2025-03-25,Site F CT01,70.69265625
2025-03-25,Site F CT08,0.0
2025-03-25,Site F CT02,78.5908203125
2025-03-25,Site F CT18,0.0
2025-03-25,Site F CT14,0.0
2025-03-25,Site F CT03,76.4794921875
2025-03-25,Site F CT17,0.0
2025-03-25,Site F CT04,0.0
2025-03-25,Site F CT07,0.0
2025-03-25,Site F CT11,0.0
2025-03-25,Site F CT16,0.0
2025-03-25,Site F CT05,0.0
2025-03-25,Site F CT10,0.0
2025-03-25,Site F CT12,0.0
2025-03-25,Site F CT06,0.0
2025-03-25,Site F CT15,0.0
2025-03-25,Site F CT09,0.0
2025-03-26,Site F CT13,0.0
2025-03-26,Site F CT01,52.4373046875
2025-03-26,Site F CT08,0.0
2025-03-26,Site F CT02,68.3234765625
2025-03-26,Site F CT18,0.0
2025-03-26,Site F CT14,0.0
2025-03-26,Site F CT03,60.876328125
2025-03-26,Site F CT17,0.0
2025-03-26,Site F CT04,0.0
2025-03-26,Site F CT07,0.0
2025-03-26,Site F CT11,0.0
2025-03-26,Site F CT16,0.0
2025-03-26,Site F CT05,0.0
2025-03-26,Site F CT10,0.0
2025-03-26,Site F CT12,0.0
2025-03-26,Site F CT06,0.0
2025-03-26,Site F CT15,0.0
2025-03-26,Site F CT09,0.0
2025-03-27,Site F CT13,0.0
2025-03-27,Site F CT01,44.9946484375
2025-03-27,Site F CT08,0.0
2025-03-27,Site F CT02,59.3103515625
2025-03-27,Site F CT18,0.0
2025-03-27,Site F CT14,0.0
2025-03-27,Site F CT03,74.0824609375
2025-03-27,Site F CT17,0.0
2025-03-27,Site F CT04,0.0
2025-03-27,Site F CT07,0.0
2025-03-27,Site F CT11,0.0
2025-03-27,Site F CT16,0.0
2025-03-27,Site F CT05,0.0
2025-03-27,Site F CT10,0.0
2025-03-27,Site F CT12,0.0
2025-03-27,Site F CT06,0.0
2025-03-27,Site F CT15,0.0
2025-03-27,Site F CT09,0.0
2025-03-28,Site F CT13,0.0
2025-03-28,Site F CT01,72.30984375
2025-03-28,Site F CT08,0.0
2025-03-28,Site F CT02,87.29578125
2025-03-28,Site F CT18,0.0
2025-03-28,Site F CT14,0.0
2025-03-28,Site F CT03,85.863671875
2025-03-28,Site F CT17,0.0
2025-03-28,Site F CT04,0.0
2025-03-28,Site F CT07,0.0
2025-03-28,Site F CT11,0.0
2025-03-28,Site F CT16,0.0
2025-03-28,Site F CT05,0.0
2025-03-28,Site F CT10,0.0
2025-03-28,Site F CT12,0.0
2025-03-28,Site F CT06,0.0
2025-03-28,Site F CT15,0.0
2025-03-28,Site F CT09,0.0
2025-03-29,Site F CT13,0.0
2025-03-29,Site F CT01,0.0
2025-03-29,Site F CT08,0.0
2025-03-29,Site F CT02,0.0
2025-03-29,Site F CT18,0.0
2025-03-29,Site F CT14,0.0
2025-03-29,Site F CT03,0.0
2025-03-29,Site F CT17,0.0
2025-03-29,Site F CT04,0.0
2025-03-29,Site F CT07,0.0
2025-03-29,Site F CT11,0.0
2025-03-29,Site F CT16,0.0
2025-03-29,Site F CT05,0.0
2025-03-29,Site F CT10,0.0
2025-03-29,Site F CT12,0.0
2025-03-29,Site F CT06,0.0
2025-03-29,Site F CT15,0.0
2025-03-29,Site F CT09,0.0
2025-03-30,Site F CT13,0.0
2025-03-30,Site F CT01,0.0
2025-03-30,Site F CT08,0.0
2025-03-30,Site F CT02,0.0
2025-03-30,Site F CT18,0.0
2025-03-30,Site F CT14,0.0
2025-03-30,Site F CT03,0.0
2025-03-30,Site F CT17,0.0
2025-03-30,Site F CT04,0.0
2025-03-30,Site F CT07,0.0
2025-03-30,Site F CT11,0.0
2025-03-30,Site F CT16,0.0
2025-03-30,Site F CT05,0.0
2025-03-30,Site F CT10,0.0
2025-03-30,Site F CT12,0.0
2025-03-30,Site F CT06,0.0
2025-03-30,Site F CT15,0.0
2025-03-30,Site F CT09,0.0
2025-03-31,Site F CT13,0.0
2025-03-31,Site F CT01,51.6053515625
2025-03-31,Site F CT08,0.0
2025-03-31,Site F CT02,65.9785546875
2025-03-31,Site F CT18,0.0
2025-03-31,Site F CT14,0.0
2025-03-31,Site F CT03,60.878125
2025-03-31,Site F CT17,0.0
2025-03-31,Site F CT04,0.0
2025-03-31,Site F CT07,0.0
2025-03-31,Site F CT11,0.0
2025-03-31,Site F CT16,0.0
2025-03-31,Site F CT05,0.0
2025-03-31,Site F CT10,0.0
2025-03-31,Site F CT12,0.0
2025-03-31,Site F CT06,0.0
2025-03-31,Site F CT15,0.0
2025-03-31,Site F CT09,0.0
2025-04-01,Site F CT13,0.0
2025-04-01,Site F CT01,39.4602734375
2025-04-01,Site F CT08,0.0
2025-04-01,Site F CT02,50.8578515625
2025-04-01,Site F CT18,0.0
2025-04-01,Site F CT14,0.0
2025-04-01,Site F CT03,47.7896875
2025-04-01,Site F CT17,0.0
2025-04-01,Site F CT04,0.0
2025-04-01,Site F CT07,0.0
2025-04-01,Site F CT11,0.0
2025-04-01,Site F CT16,0.0
2025-04-01,Site F CT05,0.0
2025-04-01,Site F CT10,0.0
2025-04-01,Site F CT12,0.0
2025-04-01,Site F CT06,0.0
2025-04-01,Site F CT15,0.0
2025-04-01,Site F CT09,0.0
2025-04-02,Site F CT13,0.0
2025-04-02,Site F CT01,42.9587890625
2025-04-02,Site F CT08,0.0
2025-04-02,Site F CT02,57.3966796875
2025-04-02,Site F CT18,0.0
2025-04-02,Site F CT14,0.0
2025-04-02,Site F CT03,47.16078125
2025-04-02,Site F CT17,0.0
2025-04-02,Site F CT04,0.0
2025-04-02,Site F CT07,0.0
2025-04-02,Site F CT11,0.0
2025-04-02,Site F CT16,0.0
2025-04-02,Site F CT05,0.0
2025-04-02,Site F CT10,0.0
2025-04-02,Site F CT12,0.0
2025-04-02,Site F CT06,0.0
2025-04-02,Site F CT15,0.0
2025-04-02,Site F CT09,0.0
2025-04-03,Site F CT13,0.0
2025-04-03,Site F CT01,38.9068359375
2025-04-03,Site F CT08,0.0
2025-04-03,Site F CT02,52.2378515625
2025-04-03,Site F CT18,0.0
2025-04-03,Site F CT14,0.0
2025-04-03,Site F CT03,43.1043359375
2025-04-03,Site F CT17,0.0
2025-04-03,Site F CT04,0.0
2025-04-03,Site F CT07,0.0
2025-04-03,Site F CT11,0.0
2025-04-03,Site F CT16,0.0
2025-04-03,Site F CT05,0.0
2025-04-03,Site F CT10,0.0
2025-04-03,Site F CT12,0.0
2025-04-03,Site F CT06,0.0
2025-04-03,Site F CT15,0.0
2025-04-03,Site F CT09,0.0
2025-04-04,Site F CT13,0.0
2025-04-04,Site F CT01,59.6373828125
2025-04-04,Site F CT08,0.0
2025-04-04,Site F CT02,69.31265625
2025-04-04,Site F CT18,0.0
2025-04-04,Site F CT14,0.0
2025-04-04,Site F CT03,61.3066796875
2025-04-04,Site F CT17,0.0
2025-04-04,Site F CT04,0.0
2025-04-04,Site F CT07,0.0
2025-04-04,Site F CT11,0.0
2025-04-04,Site F CT16,0.0
2025-04-04,Site F CT05,0.0
2025-04-04,Site F CT10,0.0
2025-04-04,Site F CT12,0.0
2025-04-04,Site F CT06,0.0
2025-04-04,Site F CT15,0.0
2025-04-04,Site F CT09,0.0
2025-04-05,Site F CT13,0.0
2025-04-05,Site F CT01,0.0
2025-04-05,Site F CT08,0.0
2025-04-05,Site F CT02,0.0
2025-04-05,Site F CT18,0.0
2025-04-05,Site F CT14,0.0
2025-04-05,Site F CT03,0.0
2025-04-05,Site F CT17,0.0
2025-04-05,Site F CT04,0.0
2025-04-05,Site F CT07,0.0
2025-04-05,Site F CT11,0.0
2025-04-05,Site F CT16,0.0
2025-04-05,Site F CT05,0.0
2025-04-05,Site F CT10,0.0
2025-04-05,Site F CT12,0.0
2025-04-05,Site F CT06,0.0
2025-04-05,Site F CT15,0.0
2025-04-05,Site F CT09,0.0
2025-04-06,Site F CT13,0.0
2025-04-06,Site F CT01,0.0
2025-04-06,Site F CT08,0.0
2025-04-06,Site F CT02,0.0
2025-04-06,Site F CT18,0.0
2025-04-06,Site F CT14,0.0
2025-04-06,Site F CT03,0.0
2025-04-06,Site F CT17,0.0
2025-04-06,Site F CT04,0.0
2025-04-06,Site F CT07,0.0
2025-04-06,Site F CT11,0.0
2025-04-06,Site F CT16,0.0
2025-04-06,Site F CT05,0.0
2025-04-06,Site F CT10,0.0
2025-04-06,Site F CT12,0.0
2025-04-06,Site F CT06,0.0
2025-04-06,Site F CT15,0.0
2025-04-06,Site F CT09,0.0
2025-04-07,Site F CT13,0.0
2025-04-07,Site F CT01,43.1321875
2025-04-07,Site F CT08,0.0
2025-04-07,Site F CT02,57.746171875
2025-04-07,Site F CT18,0.0
2025-04-07,Site F CT14,0.0
2025-04-07,Site F CT03,51.6718359375
2025-04-07,Site F CT17,0.0
2025-04-07,Site F CT04,0.0
2025-04-07,Site F CT07,0.0
2025-04-07,Site F CT11,0.0
2025-04-07,Site F CT16,0.0
2025-04-07,Site F CT05,0.0
2025-04-07,Site F CT10,0.0
2025-04-07,Site F CT12,0.0
2025-04-07,Site F CT06,0.0
2025-04-07,Site F CT15,0.0
2025-04-07,Site F CT09,0.0
2025-04-08,Site F CT13,0.0
2025-04-08,Site F CT01,67.6226953125
2025-04-08,Site F CT08,0.0
2025-04-08,Site F CT02,51.37984375
2025-04-08,Site F CT18,0.0
2025-04-08,Site F CT14,0.0
2025-04-08,Site F CT03,41.5176953125
2025-04-08,Site F CT17,0.0
2025-04-08,Site F CT04,0.0
2025-04-08,Site F CT07,0.0
2025-04-08,Site F CT11,0.0
2025-04-08,Site F CT16,0.0
2025-04-08,Site F CT05,0.0
2025-04-08,Site F CT10,0.0
2025-04-08,Site F CT12,0.0
2025-04-08,Site F CT06,0.0
2025-04-08,Site F CT15,0.0
2025-04-08,Site F CT09,0.0
2025-04-09,Site F CT13,0.0
2025-04-09,Site F CT01,56.73453125
2025-04-09,Site F CT08,0.0
2025-04-09,Site F CT02,64.308359375
2025-04-09,Site F CT18,0.0
2025-04-09,Site F CT14,0.0
2025-04-09,Site F CT03,61.7505078125
2025-04-09,Site F CT17,0.0
2025-04-09,Site F CT04,0.0
2025-04-09,Site F CT07,0.0
2025-04-09,Site F CT11,0.0
2025-04-09,Site F CT16,0.0
2025-04-09,Site F CT05,0.0
2025-04-09,Site F CT10,0.0
2025-04-09,Site F CT12,0.0
2025-04-09,Site F CT06,0.0
2025-04-09,Site F CT15,0.0
2025-04-09,Site F CT09,0.0
2025-04-10,Site F CT13,0.0
2025-04-10,Site F CT01,51.5226953125
2025-04-10,Site F CT08,0.0
2025-04-10,Site F CT02,67.3100390625
2025-04-10,Site F CT18,0.0
2025-04-10,Site F CT14,0.0
2025-04-10,Site F CT03,59.9985546875
2025-04-10,Site F CT17,0.0
2025-04-10,Site F CT04,0.0
2025-04-10,Site F CT07,0.0
2025-04-10,Site F CT11,0.0
2025-04-10,Site F CT16,0.0
2025-04-10,Site F CT05,0.0
2025-04-10,Site F CT10,0.0
2025-04-10,Site F CT12,0.0
2025-04-10,Site F CT06,0.0
2025-04-10,Site F CT15,0.0
2025-04-10,Site F CT09,0.0
2025-04-11,Site F CT13,0.0
2025-04-11,Site F CT01,33.738125
2025-04-11,Site F CT08,0.0
2025-04-11,Site F CT02,46.2326953125
2025-04-11,Site F CT18,0.0
2025-04-11,Site F CT14,0.0
2025-04-11,Site F CT03,37.064140625
2025-04-11,Site F CT17,0.0
2025-04-11,Site F CT04,0.0
2025-04-11,Site F CT07,0.0
2025-04-11,Site F CT11,0.0
2025-04-11,Site F CT16,0.0
2025-04-11,Site F CT05,0.0
2025-04-11,Site F CT10,0.0
2025-04-11,Site F CT12,0.0
2025-04-11,Site F CT06,0.0
2025-04-11,Site F CT15,0.0
2025-04-11,Site F CT09,0.0
2025-04-12,Site F CT13,0.0
2025-04-12,Site F CT01,0.0
2025-04-12,Site F CT08,0.0
2025-04-12,Site F CT02,0.0
2025-04-12,Site F CT18,0.0
2025-04-12,Site F CT14,0.0
2025-04-12,Site F CT03,0.0
2025-04-12,Site F CT17,0.0
2025-04-12,Site F CT04,0.0
2025-04-12,Site F CT07,0.0
2025-04-12,Site F CT11,0.0
2025-04-12,Site F CT16,0.0
2025-04-12,Site F CT05,0.0
2025-04-12,Site F CT10,0.0
2025-04-12,Site F CT12,0.0
2025-04-12,Site F CT06,0.0
2025-04-12,Site F CT15,0.0
2025-04-12,Site F CT09,0.0
2025-04-13,Site F CT13,0.0
2025-04-13,Site F CT01,0.0
2025-04-13,Site F CT08,0.0
2025-04-13,Site F CT02,0.0
2025-04-13,Site F CT18,0.0
2025-04-13,Site F CT14,0.0
2025-04-13,Site F CT03,0.0
2025-04-13,Site F CT17,0.0
2025-04-13,Site F CT04,0.0
2025-04-13,Site F CT07,0.0
2025-04-13,Site F CT11,0.0
2025-04-13,Site F CT16,0.0
2025-04-13,Site F CT05,0.0
2025-04-13,Site F CT10,0.0
2025-04-13,Site F CT12,0.0
2025-04-13,Site F CT06,0.0
2025-04-13,Site F CT15,0.0
2025-04-13,Site F CT09,0.0
2025-04-14,Site F CT13,0.0
2025-04-14,Site F CT01,47.2209765625
2025-04-14,Site F CT08,0.0
2025-04-14,Site F CT02,60.91046875
2025-04-14,Site F CT18,0.0
2025-04-14,Site F CT14,0.0
2025-04-14,Site F CT03,57.64734375
2025-04-14,Site F CT17,0.0
2025-04-14,Site F CT04,0.0
2025-04-14,Site F CT07,0.0
2025-04-14,Site F CT11,0.0
2025-04-14,Site F CT16,0.0
2025-04-14,Site F CT05,0.0
2025-04-14,Site F CT10,0.0
2025-04-14,Site F CT12,0.0
2025-04-14,Site F CT06,0.0
2025-04-14,Site F CT15,0.0
2025-04-14,Site F CT09,0.0
2025-04-15,Site F CT13,0.0
2025-04-15,Site F CT01,43.676640625
2025-04-15,Site F CT08,0.0
2025-04-15,Site F CT02,58.405625
2025-04-15,Site F CT18,0.0
2025-04-15,Site F CT14,0.0
2025-04-15,Site F CT03,52.3546484375
2025-04-15,Site F CT17,0.0
2025-04-15,Site F CT04,0.0
2025-04-15,Site F CT07,0.0
2025-04-15,Site F CT11,0.0
2025-04-15,Site F CT16,0.0
2025-04-15,Site F CT05,0.0
2025-04-15,Site F CT10,0.0
2025-04-15,Site F CT12,0.0
2025-04-15,Site F CT06,0.0
2025-04-15,Site F CT15,0.0
2025-04-15,Site F CT09,0.0
2025-04-16,Site F CT13,0.0
2025-04-16,Site F CT01,33.743515625
2025-04-16,Site F CT08,0.0
2025-04-16,Site F CT02,49.196640625
2025-04-16,Site F CT18,0.0
2025-04-16,Site F CT14,0.0
2025-04-16,Site F CT03,47.3269921875
2025-04-16,Site F CT17,0.0
2025-04-16,Site F CT04,0.0
2025-04-16,Site F CT07,0.0
2025-04-16,Site F CT11,0.0
2025-04-16,Site F CT16,0.0
2025-04-16,Site F CT05,0.0
2025-04-16,Site F CT10,0.0
2025-04-16,Site F CT12,0.0
2025-04-16,Site F CT06,0.0
2025-04-16,Site F CT15,0.0
2025-04-16,Site F CT09,0.0
2025-04-17,Site F CT13,0.0
2025-04-17,Site F CT01,59.0596875
2025-04-17,Site F CT08,0.0
2025-04-17,Site F CT02,73.914453125
2025-04-17,Site F CT18,0.0
2025-04-17,Site F CT14,0.0
2025-04-17,Site F CT03,63.9103515625
2025-04-17,Site F CT17,0.0
2025-04-17,Site F CT04,0.0
2025-04-17,Site F CT07,0.0
2025-04-17,Site F CT11,0.0
2025-04-17,Site F CT16,0.0
2025-04-17,Site F CT05,0.0
2025-04-17,Site F CT10,0.0
2025-04-17,Site F CT12,0.0
2025-04-17,Site F CT06,0.0
2025-04-17,Site F CT15,0.0
2025-04-17,Site F CT09,0.0
2025-04-18,Site F CT13,0.0
2025-04-18,Site F CT01,5.15703125
2025-04-18,Site F CT08,0.0
2025-04-18,Site F CT02,16.763046875
2025-04-18,Site F CT18,0.0
2025-04-18,Site F CT14,0.0
2025-04-18,Site F CT03,6.786796875
2025-04-18,Site F CT17,0.0
2025-04-18,Site F CT04,0.0
2025-04-18,Site F CT07,0.0
2025-04-18,Site F CT11,0.0
2025-04-18,Site F CT16,0.0
2025-04-18,Site F CT05,0.0
2025-04-18,Site F CT10,0.0
2025-04-18,Site F CT12,0.0
2025-04-18,Site F CT06,0.0
2025-04-18,Site F CT15,0.0
2025-04-18,Site F CT09,0.0
2025-04-19,Site F CT13,0.0
2025-04-19,Site F CT01,0.0
2025-04-19,Site F CT08,0.0
2025-04-19,Site F CT02,0.0
2025-04-19,Site F CT18,0.0
2025-04-19,Site F CT14,0.0
2025-04-19,Site F CT03,0.0
2025-04-19,Site F CT17,0.0
2025-04-19,Site F CT04,0.0
2025-04-19,Site F CT07,0.0
2025-04-19,Site F CT11,0.0
2025-04-19,Site F CT16,0.0
2025-04-19,Site F CT05,0.0
2025-04-19,Site F CT10,0.0
2025-04-19,Site F CT12,0.0
2025-04-19,Site F CT06,0.0
2025-04-19,Site F CT15,0.0
2025-04-19,Site F CT09,0.0
2025-04-20,Site F CT13,0.0
2025-04-20,Site F CT01,0.0
2025-04-20,Site F CT08,0.0
2025-04-20,Site F CT02,0.0
2025-04-20,Site F CT18,0.0
2025-04-20,Site F CT14,0.0
2025-04-20,Site F CT03,0.0
2025-04-20,Site F CT17,0.0
2025-04-20,Site F CT04,0.0
2025-04-20,Site F CT07,0.0
2025-04-20,Site F CT11,0.0
2025-04-20,Site F CT16,0.0
2025-04-20,Site F CT05,0.0
2025-04-20,Site F CT10,0.0
2025-04-20,Site F CT12,0.0
2025-04-20,Site F CT06,0.0
2025-04-20,Site F CT15,0.0
2025-04-20,Site F CT09,0.0
2025-04-21,Site F CT13,0.0
2025-04-21,Site F CT01,5.148046875
2025-04-21,Site F CT08,0.0
2025-04-21,Site F CT02,17.0271875
2025-04-21,Site F CT18,0.0
2025-04-21,Site F CT14,0.0
2025-04-21,Site F CT03,6.81015625
2025-04-21,Site F CT17,0.0
2025-04-21,Site F CT04,0.0
2025-04-21,Site F CT07,0.0
2025-04-21,Site F CT11,0.0
2025-04-21,Site F CT16,0.0
2025-04-21,Site F CT05,0.0
2025-04-21,Site F CT10,0.0
2025-04-21,Site F CT12,0.0
2025-04-21,Site F CT06,0.0
2025-04-21,Site F CT15,0.0
2025-04-21,Site F CT09,0.0
2025-04-22,Site F CT13,0.0
2025-04-22,Site F CT01,65.925546875
2025-04-22,Site F CT08,0.0
2025-04-22,Site F CT02,79.908828125
2025-04-22,Site F CT18,0.0
2025-04-22,Site F CT14,0.0
2025-04-22,Site F CT03,72.0124609375
2025-04-22,Site F CT17,0.0
2025-04-22,Site F CT04,0.0
2025-04-22,Site F CT07,0.0
2025-04-22,Site F CT11,0.0
2025-04-22,Site F CT16,0.0
2025-04-22,Site F CT05,0.0
2025-04-22,Site F CT10,0.0
2025-04-22,Site F CT12,0.0
2025-04-22,Site F CT06,0.0
2025-04-22,Site F CT15,0.0
2025-04-22,Site F CT09,0.0
2025-04-23,Site F CT13,0.0
2025-04-23,Site F CT01,46.156328125
2025-04-23,Site F CT08,0.0
2025-04-23,Site F CT02,63.62015625
2025-04-23,Site F CT18,0.0
2025-04-23,Site F CT14,0.0
2025-04-23,Site F CT03,60.9041796875
2025-04-23,Site F CT17,0.0
2025-04-23,Site F CT04,0.0
2025-04-23,Site F CT07,0.0
2025-04-23,Site F CT11,0.0
2025-04-23,Site F CT16,0.0
2025-04-23,Site F CT05,0.0
2025-04-23,Site F CT10,0.0
2025-04-23,Site F CT12,0.0
2025-04-23,Site F CT06,0.0
2025-04-23,Site F CT15,0.0
2025-04-23,Site F CT09,0.0
2025-04-24,Site F CT13,0.0
2025-04-24,Site F CT01,65.368515625
2025-04-24,Site F CT08,0.0
2025-04-24,Site F CT02,82.5484375
2025-04-24,Site F CT18,0.0
2025-04-24,Site F CT14,0.0
2025-04-24,Site F CT03,77.65015625
2025-04-24,Site F CT17,0.0
2025-04-24,Site F CT04,0.0
2025-04-24,Site F CT07,0.0
2025-04-24,Site F CT11,0.0
2025-04-24,Site F CT16,0.0
2025-04-24,Site F CT05,0.0
2025-04-24,Site F CT10,0.0
2025-04-24,Site F CT12,0.0
2025-04-24,Site F CT06,0.0
2025-04-24,Site F CT15,0.0
2025-04-24,Site F CT09,0.0
2025-04-25,Site F CT13,0.0
2025-04-25,Site F CT01,41.3110546875
2025-04-25,Site F CT08,0.0
2025-04-25,Site F CT02,54.116484375
2025-04-25,Site F CT18,0.0
2025-04-25,Site F CT14,0.0
2025-04-25,Site F CT03,47.550703125
2025-04-25,Site F CT17,0.0
2025-04-25,Site F CT04,0.0
2025-04-25,Site F CT07,0.0
2025-04-25,Site F CT11,0.0
2025-04-25,Site F CT16,0.0
2025-04-25,Site F CT05,0.0
2025-04-25,Site F CT10,0.0
2025-04-25,Site F CT12,0.0
2025-04-25,Site F CT06,0.0
2025-04-25,Site F CT15,0.0
2025-04-25,Site F CT09,0.0
2025-04-26,Site F CT13,0.0
2025-04-26,Site F CT01,0.0
2025-04-26,Site F CT08,0.0
2025-04-26,Site F CT02,0.0
2025-04-26,Site F CT18,0.0
2025-04-26,Site F CT14,0.0
2025-04-26,Site F CT03,0.0
2025-04-26,Site F CT17,0.0
2025-04-26,Site F CT04,0.0
2025-04-26,Site F CT07,0.0
2025-04-26,Site F CT11,0.0
2025-04-26,Site F CT16,0.0
2025-04-26,Site F CT05,0.0
2025-04-26,Site F CT10,0.0
2025-04-26,Site F CT12,0.0
2025-04-26,Site F CT06,0.0
2025-04-26,Site F CT15,0.0
2025-04-26,Site F CT09,0.0
2025-04-27,Site F CT13,0.0
2025-04-27,Site F CT01,0.0
2025-04-27,Site F CT08,0.0
2025-04-27,Site F CT02,0.0
2025-04-27,Site F CT18,0.0
2025-04-27,Site F CT14,0.0
2025-04-27,Site F CT03,0.0
2025-04-27,Site F CT17,0.0
2025-04-27,Site F CT04,0.0
2025-04-27,Site F CT07,0.0
2025-04-27,Site F CT11,0.0
2025-04-27,Site F CT16,0.0
2025-04-27,Site F CT05,0.0
2025-04-27,Site F CT10,0.0
2025-04-27,Site F CT12,0.0
2025-04-27,Site F CT06,0.0
2025-04-27,Site F CT15,0.0
2025-04-27,Site F CT09,0.0
2025-04-28,Site F CT13,0.0
2025-04-28,Site F CT01,58.224140625
2025-04-28,Site F CT08,0.0
2025-04-28,Site F CT02,71.573125
2025-04-28,Site F CT18,0.0
2025-04-28,Site F CT14,0.0
2025-04-28,Site F CT03,64.9399609375
2025-04-28,Site F CT17,0.0
2025-04-28,Site F CT04,0.0
2025-04-28,Site F CT07,0.0
2025-04-28,Site F CT11,0.0
2025-04-28,Site F CT16,0.0
2025-04-28,Site F CT05,0.0
2025-04-28,Site F CT10,0.0
2025-04-28,Site F CT12,0.0
2025-04-28,Site F CT06,0.0
2025-04-28,Site F CT15,0.0
2025-04-28,Site F CT09,0.0
2025-04-29,Site F CT13,0.0
2025-04-29,Site F CT01,34.6536328125
2025-04-29,Site F CT08,0.0
2025-04-29,Site F CT02,46.0
2025-04-29,Site F CT18,0.0
2025-04-29,Site F CT14,0.0
2025-04-29,Site F CT03,38.828671875
2025-04-29,Site F CT17,0.0
2025-04-29,Site F CT04,0.0
2025-04-29,Site F CT07,0.0
2025-04-29,Site F CT11,0.0
2025-04-29,Site F CT16,0.0
2025-04-29,Site F CT05,0.0
2025-04-29,Site F CT10,0.0
2025-04-29,Site F CT12,0.0
2025-04-29,Site F CT06,0.0
2025-04-29,Site F CT15,0.0
2025-04-29,Site F CT09,0.0
2025-04-30,Site F CT13,0.0
2025-04-30,Site F CT01,41.24546875
2025-04-30,Site F CT08,0.0
2025-04-30,Site F CT02,51.464296875
2025-04-30,Site F CT18,0.0
2025-04-30,Site F CT14,0.0
2025-04-30,Site F CT03,43.428671875
2025-04-30,Site F CT17,0.0
2025-04-30,Site F CT04,0.0
2025-04-30,Site F CT07,0.0
2025-04-30,Site F CT11,0.0
2025-04-30,Site F CT16,0.0
2025-04-30,Site F CT05,0.0
2025-04-30,Site F CT10,0.0
2025-04-30,Site F CT12,0.0
2025-04-30,Site F CT06,0.0
2025-04-30,Site F CT15,0.0
2025-04-30,Site F CT09,0.0
